0,1,2,3,4,5,6,7,8,9,10,11,12,13,14,15,16,17,18,19,label
4.0,0.0,0.0,3.0,0.0,7.0,8.0,7.0,1.0,1.0,1.0,0.0,1.0,3.0,4.0,5.0,3.0,5.0,3.0,1.0,1
4.0,0.0,0.0,2.0,0.0,7.0,9.0,8.0,1.0,1.0,3.0,0.0,1.0,1.0,3.0,3.0,1.0,4.0,3.0,3.0,1
4.0,2.0,2.0,2.0,1.0,5.0,6.0,7.0,0.0,1.0,2.0,1.0,0.0,4.0,2.0,5.0,1.0,5.0,3.0,4.0,0
8.0,1.0,3.0,1.0,4.0,2.0,1.0,4.0,0.0,0.0,0.0,1.0,3.0,1.0,2.0,4.0,3.0,7.0,2.0,1.0,0
7.0,2.0,0.0,2.0,1.0,10.0,5.0,6.0,0.0,0.0,2.0,1.0,0.0,3.0,1.0,2.0,2.0,8.0,2.0,3.0,1
4.0,0.0,0.0,3.0,0.0,7.0,8.0,7.0,1.0,0.0,3.0,1.0,1.0,3.0,4.0,5.0,3.0,5.0,3.0,1.0,1
1.0,1.0,0.0,3.0,0.0,5.0,30.0,8.0,1.0,1.0,3.0,1.0,0.0,3.0,3.0,5.0,2.0,2.0,3.0,3.0,1
2.0,3.0,1.0,2.0,1.0,8.0,6.0,7.0,0.0,0.0,2.0,1.0,1.0,3.0,1.0,6.0,7.0,9.0,2.0,1.0,1
10.0,0.0,2.0,1.0,3.0,0.0,4.0,4.0,1.0,0.0,3.0,1.0,1.0,1.0,0.0,5.0,2.0,6.0,3.0,2.0,0
6.0,0.0,2.0,2.0,3.0,2.0,4.0,6.0,0.0,1.0,2.0,0.0,0.0,2.0,2.0,12.0,1.0,8.0,2.0,3.0,1
4.0,0.0,0.0,3.0,0.0,7.0,8.0,7.0,1.0,1.0,1.0,1.0,1.0,3.0,4.0,5.0,3.0,5.0,3.0,1.0,1
10.0,2.0,2.0,0.0,4.0,2.0,2.0,6.0,0.0,0.0,1.0,0.0,0.0,1.0,2.0,9.0,6.0,2.0,3.0,4.0,0
1.0,1.0,1.0,3.0,0.0,7.0,7.0,8.0,1.0,0.0,1.0,0.0,0.0,2.0,6.0,4.0,4.0,5.0,3.0,3.0,1
9.0,2.0,0.0,2.0,3.0,5.0,7.0,5.0,1.0,1.0,3.0,1.0,1.0,5.0,6.0,5.0,1.0,6.0,3.0,3.0,1
1.0,0.0,2.0,3.0,0.0,6.0,8.0,7.0,1.0,0.0,2.0,0.0,1.0,4.0,4.0,6.0,3.0,7.0,3.0,3.0,0
5.0,1.0,0.0,2.0,2.0,4.0,5.0,6.0,0.0,1.0,2.0,0.0,0.0,2.0,4.0,7.0,1.0,6.0,3.0,2.0,1
0.0,1.0,0.0,3.0,2.0,4.0,7.0,6.0,1.0,1.0,2.0,1.0,0.0,4.0,2.0,4.0,1.0,6.0,2.0,3.0,1
8.0,0.0,2.0,0.0,3.0,1.0,2.0,4.0,0.0,1.0,3.0,1.0,2.0,1.0,2.0,6.0,3.0,4.0,2.0,2.0,0
6.0,0.0,2.0,0.0,3.0,3.0,2.0,3.0,1.0,0.0,0.0,1.0,2.0,2.0,1.0,5.0,4.0,6.0,1.0,2.0,0
0.0,3.0,0.0,2.0,1.0,5.0,6.0,6.0,1.0,1.0,0.0,0.0,0.0,1.0,2.0,3.0,1.0,3.0,4.0,2.0,1
7.0,2.0,2.0,3.0,3.0,6.0,7.0,6.0,0.0,0.0,2.0,1.0,1.0,1.0,2.0,4.0,0.9,8.0,2.0,3.0,1
2.0,1.0,2.0,2.0,1.0,6.0,6.0,7.0,1.0,1.0,3.0,1.0,1.0,2.0,5.0,5.0,5.0,4.0,2.0,3.0,1
2.0,0.0,0.0,2.0,2.0,7.0,7.0,8.0,1.0,1.0,3.0,0.0,2.0,5.0,6.0,5.0,16.0,7.0,3.0,4.0,1
11.0,0.0,1.0,1.0,4.0,3.0,3.0,6.0,0.0,0.0,2.0,1.0,1.0,1.0,3.0,4.0,8.0,6.0,2.0,2.0,0
4.0,3.0,0.0,2.0,0.0,4.0,7.0,7.0,0.0,1.0,0.0,0.0,1.0,3.0,3.0,1.0,1.0,5.0,4.0,3.0,1
2.0,1.0,2.0,3.0,0.0,5.0,7.0,5.0,1.0,1.0,3.0,1.0,3.0,3.0,5.0,2.0,1.0,6.0,3.0,3.0,1
8.0,0.0,2.0,0.0,4.0,1.0,2.0,4.0,1.0,1.0,3.0,1.0,3.0,2.0,2.0,6.0,3.0,7.0,2.0,2.0,0
8.0,0.0,2.0,1.0,4.0,2.0,1.0,4.0,0.0,0.0,3.0,1.0,3.0,1.0,2.0,4.0,3.0,7.0,2.0,1.0,0
10.0,2.0,2.0,1.0,3.0,0.0,3.0,2.0,1.0,1.0,0.0,0.0,1.0,0.0,3.0,4.0,1.0,4.0,3.0,2.0,0
3.0,2.0,2.0,2.0,3.0,3.0,3.0,5.0,1.0,1.0,2.0,1.0,1.0,1.0,3.0,5.0,2.0,6.0,1.0,2.0,1
4.0,1.0,0.0,2.0,1.0,3.0,4.0,6.0,1.0,1.0,2.0,1.0,1.0,1.0,3.0,5.0,2.0,6.0,2.0,2.0,1
4.0,2.0,2.0,1.0,3.0,3.0,2.0,7.0,0.0,1.0,2.0,1.0,1.0,1.0,5.0,8.0,1.0,6.0,3.0,2.0,0
9.0,3.0,2.0,2.0,4.0,4.0,1.0,2.0,0.0,0.0,0.0,0.0,2.0,3.0,2.0,5.0,2.0,6.0,2.0,2.0,0
4.0,2.0,1.0,2.0,3.0,3.0,6.0,6.0,0.0,1.0,1.0,1.0,1.0,2.0,5.0,4.0,7.0,6.0,3.0,2.0,1
7.0,2.0,2.0,1.0,4.0,6.0,6.0,6.0,1.0,0.0,3.0,1.0,2.0,3.0,2.0,6.0,14.0,5.0,3.0,2.0,1
9.0,0.0,3.0,1.0,4.0,1.0,2.0,5.0,1.0,1.0,3.0,1.0,3.0,1.0,1.0,5.0,6.0,4.0,2.0,3.0,0
10.0,0.0,0.0,1.0,3.0,5.0,1.0,3.0,1.0,1.0,3.0,0.0,1.0,3.0,3.0,3.0,4.0,6.0,3.0,3.0,0
0.0,3.0,1.0,2.0,1.0,5.0,6.0,6.0,1.0,1.0,0.0,0.0,0.0,1.0,2.0,3.0,1.0,3.0,4.0,2.0,1
3.0,0.0,0.0,2.0,2.0,2.0,4.0,5.0,1.0,0.0,2.0,0.0,3.0,2.0,1.0,5.0,6.0,6.0,2.0,2.0,1
11.0,2.0,2.0,3.0,0.0,2.0,5.0,5.0,0.0,1.0,2.0,0.0,3.0,4.0,3.0,6.0,0.5,6.0,2.0,2.0,1
4.0,3.0,2.0,1.0,2.0,3.0,2.0,5.0,1.0,0.0,2.0,1.0,2.0,2.0,1.0,5.0,14.0,1.0,2.0,2.0,1
4.0,2.0,0.0,2.0,2.0,2.0,7.0,8.0,1.0,1.0,3.0,1.0,0.0,1.0,2.0,5.0,2.0,8.0,3.0,2.0,1
5.0,1.0,0.0,1.0,3.0,5.0,4.0,6.0,1.0,0.0,3.0,0.0,0.0,3.0,5.0,6.0,10.0,9.0,3.0,2.0,0
10.0,1.0,3.0,1.0,3.0,5.0,2.0,3.0,0.0,0.0,1.0,0.0,1.0,1.0,4.0,3.0,5.0,6.0,3.0,3.0,0
0.0,3.0,2.0,2.0,1.0,5.0,6.0,6.0,1.0,1.0,3.0,0.0,0.0,1.0,2.0,3.0,1.0,3.0,4.0,2.0,1
7.0,0.0,2.0,2.0,4.0,3.0,5.0,7.0,1.0,1.0,2.0,0.0,1.0,2.0,2.0,7.0,2.0,8.0,2.0,3.0,1
7.0,1.0,2.0,2.0,4.0,8.0,2.0,6.0,0.0,1.0,3.0,0.0,1.0,1.0,2.0,4.0,0.5,2.0,2.0,3.0,1
8.0,0.0,2.0,1.0,3.0,2.0,2.0,6.0,0.0,0.0,1.0,1.0,3.0,1.0,3.0,7.0,6.0,6.0,1.0,2.0,0
1.0,1.0,0.0,3.0,0.0,7.0,5.0,8.0,0.0,1.0,1.0,0.0,0.0,3.0,5.0,2.0,2.0,4.0,3.0,3.0,1
4.0,1.0,0.0,2.0,0.0,4.0,5.0,5.0,1.0,1.0,2.0,0.0,1.0,2.0,4.0,1.0,3.0,5.0,2.0,2.0,1
0.0,3.0,0.0,2.0,1.0,5.0,6.0,6.0,0.0,1.0,3.0,0.0,0.0,1.0,2.0,3.0,1.0,3.0,4.0,2.0,1
12.0,1.0,1.0,0.0,2.0,2.0,4.0,3.0,1.0,0.0,3.0,0.0,3.0,2.0,3.0,6.0,5.0,6.0,2.0,1.0,1
1.0,2.0,0.0,3.0,1.0,8.0,12.0,8.0,1.0,0.0,3.0,0.0,0.0,2.0,7.0,8.0,4.0,6.0,3.0,3.0,1
0.0,3.0,2.0,2.0,1.0,5.0,6.0,6.0,1.0,1.0,1.0,0.0,0.0,1.0,2.0,3.0,1.0,3.0,4.0,2.0,1
10.0,0.0,2.0,1.0,1.0,5.0,4.0,4.0,1.0,0.0,1.0,0.0,2.0,1.0,2.0,6.0,3.0,5.0,1.0,2.0,1
6.0,2.0,2.0,0.0,3.0,3.0,2.0,3.0,1.0,0.0,0.0,1.0,2.0,2.0,1.0,5.0,4.0,6.0,1.0,2.0,0
4.0,0.0,0.0,3.0,0.0,7.0,8.0,7.0,1.0,0.0,0.0,0.0,1.0,3.0,4.0,5.0,3.0,5.0,3.0,1.0,1
10.0,0.0,3.0,1.0,3.0,1.0,3.0,6.0,1.0,0.0,3.0,1.0,1.0,3.0,3.0,3.0,5.0,4.0,2.0,3.0,0
6.0,0.0,2.0,2.0,3.0,5.0,7.0,7.0,1.0,1.0,3.0,1.0,1.0,2.0,7.0,6.0,1.0,6.0,2.0,4.0,1
9.0,2.0,0.0,2.0,2.0,9.0,14.0,5.0,0.0,1.0,2.0,0.0,2.0,2.0,1.0,3.0,0.5,8.0,2.0,3.0,1
8.0,2.0,3.0,1.0,4.0,2.0,1.0,4.0,1.0,0.0,0.0,1.0,3.0,1.0,2.0,4.0,3.0,7.0,2.0,1.0,0
3.0,1.0,2.0,3.0,2.0,3.0,7.0,7.0,0.0,0.0,2.0,1.0,1.0,3.0,1.0,2.0,2.0,5.0,3.0,2.0,1
9.0,3.0,2.0,1.0,3.0,1.0,3.0,4.0,0.0,1.0,3.0,1.0,2.0,1.0,1.0,6.0,2.0,5.0,2.0,3.0,0
10.0,1.0,3.0,1.0,3.0,1.0,4.0,5.0,1.0,1.0,2.0,1.0,1.0,3.0,0.0,5.0,2.0,6.0,2.0,3.0,0
5.0,3.0,2.0,2.0,2.0,3.0,3.0,6.0,1.0,0.0,2.0,0.0,1.0,1.0,2.0,5.0,10.0,6.0,3.0,3.0,1
6.0,0.0,2.0,1.0,3.0,2.0,3.0,4.0,0.0,1.0,3.0,1.0,2.0,1.0,1.0,5.0,2.0,6.0,2.0,3.0,0
8.0,3.0,0.0,1.0,4.0,2.0,1.0,4.0,1.0,1.0,3.0,1.0,3.0,1.0,2.0,4.0,3.0,7.0,2.0,1.0,0
8.0,1.0,0.0,1.0,4.0,2.0,1.0,4.0,1.0,0.0,0.0,1.0,3.0,1.0,2.0,4.0,3.0,7.0,2.0,1.0,0
0.0,3.0,0.0,3.0,0.0,6.0,7.0,7.0,0.0,1.0,3.0,0.0,0.0,2.0,4.0,3.0,1.0,4.0,3.0,2.0,1
9.0,2.0,2.0,2.0,4.0,1.0,4.0,5.0,1.0,0.0,0.0,0.0,2.0,2.0,0.0,6.0,2.0,6.0,3.0,2.0,0
9.0,3.0,0.0,0.0,3.0,3.0,2.0,6.0,0.0,0.0,3.0,1.0,1.0,3.0,2.0,8.0,5.0,9.0,2.0,1.0,0
6.0,3.0,0.0,1.0,3.0,3.0,4.0,5.0,0.0,1.0,1.0,1.0,2.0,2.0,2.0,3.0,6.0,4.0,2.0,3.0,1
8.0,0.0,0.0,1.0,4.0,2.0,1.0,4.0,0.0,0.0,3.0,1.0,3.0,1.0,2.0,4.0,3.0,7.0,2.0,1.0,0
11.0,0.0,2.0,1.0,4.0,3.0,2.0,4.0,1.0,1.0,3.0,1.0,2.0,1.0,3.0,4.0,1.0,5.0,2.0,2.0,0
6.0,0.0,2.0,0.0,3.0,3.0,2.0,3.0,1.0,0.0,0.0,1.0,2.0,2.0,1.0,5.0,4.0,6.0,1.0,2.0,0
4.0,0.0,0.0,3.0,0.0,7.0,8.0,7.0,1.0,0.0,1.0,0.0,1.0,3.0,4.0,5.0,3.0,5.0,3.0,1.0,1
11.0,0.0,3.0,0.0,2.0,3.0,2.0,5.0,0.0,0.0,0.0,1.0,2.0,1.0,3.0,7.0,8.0,8.0,1.0,1.0,1
0.0,3.0,0.0,2.0,1.0,5.0,6.0,6.0,1.0,1.0,0.0,0.0,0.0,1.0,2.0,3.0,1.0,3.0,4.0,2.0,1
6.0,2.0,2.0,0.0,3.0,3.0,2.0,3.0,0.0,0.0,0.0,1.0,2.0,2.0,1.0,5.0,4.0,6.0,1.0,2.0,0
8.0,1.0,2.0,3.0,2.0,7.0,3.0,6.0,0.0,1.0,3.0,0.0,0.0,1.0,3.0,2.0,5.0,4.0,2.0,2.0,0
7.0,3.0,2.0,1.0,3.0,2.0,3.0,5.0,1.0,0.0,2.0,1.0,2.0,1.0,1.0,7.0,10.0,10.0,4.0,4.0,0
9.0,3.0,2.0,2.0,4.0,5.0,3.0,1.0,1.0,0.0,0.0,1.0,2.0,2.0,2.0,3.0,3.0,4.0,3.0,3.0,0
8.0,1.0,1.0,1.0,4.0,2.0,1.0,4.0,0.0,0.0,0.0,1.0,3.0,1.0,2.0,4.0,3.0,7.0,2.0,1.0,0
11.0,3.0,0.0,1.0,3.0,7.0,9.0,7.0,0.0,1.0,3.0,0.0,2.0,3.0,2.0,7.0,19.0,9.0,2.0,2.0,1
10.0,3.0,1.0,1.0,3.0,0.0,3.0,6.0,1.0,0.0,2.0,0.0,1.0,2.0,3.0,3.0,2.0,6.0,3.0,3.0,0
1.0,1.0,0.0,3.0,0.0,5.0,4.0,7.0,0.0,1.0,2.0,0.0,1.0,3.0,5.0,5.0,1.0,6.0,3.0,4.0,1
1.0,2.0,0.0,3.0,0.0,4.0,14.0,8.0,1.0,1.0,3.0,1.0,0.0,5.0,3.0,5.0,3.0,2.0,3.0,2.0,1
9.0,2.0,0.0,0.0,3.0,3.0,1.0,6.0,0.0,0.0,2.0,0.0,0.0,2.0,4.0,6.0,3.0,5.0,2.0,3.0,1
11.0,2.0,1.0,1.0,4.0,1.0,4.0,4.0,1.0,1.0,3.0,1.0,2.0,3.0,4.0,6.0,10.0,9.0,3.0,1.0,0
6.0,1.0,2.0,0.0,3.0,3.0,2.0,3.0,0.0,0.0,0.0,1.0,2.0,2.0,1.0,5.0,4.0,6.0,1.0,2.0,0
4.0,2.0,0.0,2.0,0.0,5.0,11.0,7.0,0.0,1.0,3.0,0.0,1.0,2.0,6.0,4.0,1.0,4.0,4.0,3.0,1
4.0,1.0,0.0,3.0,0.0,7.0,8.0,7.0,1.0,1.0,1.0,1.0,1.0,3.0,4.0,5.0,3.0,5.0,3.0,1.0,1
11.0,0.0,2.0,1.0,4.0,2.0,5.0,6.0,0.0,1.0,3.0,1.0,2.0,1.0,2.0,8.0,3.0,6.0,4.0,2.0,0
10.0,3.0,0.0,1.0,3.0,5.0,3.0,2.0,1.0,1.0,2.0,1.0,1.0,0.0,3.0,6.0,4.0,6.0,3.0,2.0,0
0.0,3.0,3.0,2.0,1.0,5.0,6.0,6.0,0.0,1.0,0.0,0.0,0.0,1.0,2.0,3.0,1.0,3.0,4.0,2.0,1
9.0,3.0,2.0,1.0,2.0,2.0,6.0,7.0,0.0,1.0,3.0,0.0,1.0,3.0,1.0,4.0,6.0,5.0,3.0,2.0,0
9.0,1.0,2.0,2.0,4.0,0.0,3.0,2.0,0.0,0.0,0.0,1.0,2.0,3.0,5.0,3.0,3.0,5.0,3.0,3.0,0
6.0,2.0,2.0,3.0,2.0,5.0,2.0,8.0,0.0,1.0,3.0,1.0,2.0,2.0,2.0,7.0,1.0,6.0,3.0,3.0,1
9.0,3.0,2.0,1.0,4.0,3.0,4.0,6.0,1.0,0.0,2.0,0.0,2.0,2.0,6.0,6.0,6.0,9.0,2.0,3.0,1
2.0,3.0,0.0,2.0,2.0,12.0,10.0,7.0,0.0,1.0,2.0,0.0,2.0,3.0,0.0,7.0,8.0,6.0,2.0,3.0,1
6.0,2.0,2.0,0.0,3.0,3.0,2.0,3.0,1.0,0.0,0.0,1.0,2.0,2.0,1.0,5.0,4.0,6.0,1.0,2.0,0
4.0,3.0,0.0,2.0,0.0,6.0,11.0,6.0,0.0,1.0,0.0,0.0,1.0,3.0,3.0,2.0,1.0,4.0,2.0,4.0,1
0.0,0.0,1.0,2.0,1.0,4.0,3.0,7.0,0.0,1.0,1.0,1.0,1.0,2.0,3.0,6.0,5.0,6.0,2.0,2.0,1
9.0,2.0,1.0,1.0,4.0,5.0,2.0,6.0,1.0,0.0,1.0,1.0,1.0,3.0,2.0,6.0,7.0,6.0,2.0,3.0,0
8.0,2.0,1.0,1.0,4.0,3.0,4.0,7.0,0.0,1.0,0.0,1.0,3.0,2.0,2.0,6.0,4.0,6.0,3.0,2.0,0
0.0,1.0,0.0,1.0,1.0,8.0,9.0,6.0,0.0,1.0,3.0,0.0,0.0,4.0,3.0,1.0,2.0,4.0,3.0,3.0,1
6.0,0.0,0.0,1.0,3.0,3.0,5.0,5.0,1.0,1.0,3.0,0.0,1.0,5.0,2.0,7.0,6.0,6.0,3.0,2.0,1
10.0,3.0,2.0,1.0,3.0,0.0,1.0,2.0,1.0,1.0,2.0,1.0,1.0,3.0,5.0,5.0,2.0,4.0,3.0,3.0,0
9.0,0.0,2.0,2.0,4.0,4.0,4.0,4.0,1.0,0.0,0.0,1.0,2.0,2.0,3.0,5.0,4.0,6.0,2.0,1.0,0
9.0,3.0,1.0,1.0,4.0,1.0,2.0,4.0,1.0,0.0,3.0,1.0,3.0,1.0,1.0,8.0,8.0,8.0,3.0,3.0,0
0.0,3.0,0.0,2.0,1.0,5.0,6.0,6.0,0.0,1.0,3.0,0.0,0.0,1.0,2.0,3.0,1.0,3.0,4.0,2.0,1
9.0,2.0,2.0,3.0,3.0,4.0,6.0,9.0,1.0,1.0,1.0,0.0,1.0,2.0,4.0,7.0,2.0,8.0,3.0,3.0,1
9.0,3.0,2.0,2.0,4.0,4.0,4.0,5.0,1.0,0.0,0.0,0.0,2.0,0.0,3.0,6.0,3.0,5.0,3.0,2.0,0
10.0,2.0,0.0,1.0,3.0,5.0,2.0,3.0,0.0,0.0,3.0,0.0,1.0,3.0,0.0,3.0,3.0,7.0,3.0,1.0,0
4.0,2.0,2.0,2.0,4.0,13.0,14.0,5.0,0.0,1.0,2.0,0.0,1.0,3.0,2.0,3.0,1.0,8.0,2.0,3.0,1
6.0,1.0,2.0,0.0,3.0,3.0,2.0,3.0,1.0,0.0,0.0,1.0,2.0,2.0,1.0,5.0,4.0,6.0,1.0,2.0,0
10.0,3.0,2.0,0.0,4.0,2.0,2.0,6.0,1.0,0.0,2.0,1.0,0.0,1.0,4.0,5.0,5.0,6.0,2.0,2.0,0
0.0,3.0,3.0,2.0,1.0,6.0,5.0,7.0,0.0,1.0,0.0,0.0,1.0,3.0,4.0,5.0,1.0,4.0,3.0,3.0,1
9.0,0.0,2.0,1.0,3.0,2.0,1.0,6.0,0.0,0.0,1.0,0.0,1.0,1.0,3.0,8.0,10.0,5.0,2.0,2.0,0
9.0,3.0,2.0,0.0,3.0,2.0,2.0,4.0,1.0,0.0,1.0,1.0,2.0,2.0,1.0,6.0,9.0,8.0,2.0,2.0,0
10.0,0.0,1.0,1.0,3.0,1.0,2.0,6.0,0.0,0.0,0.0,0.0,1.0,1.0,4.0,6.0,3.0,7.0,2.0,2.0,0
10.0,1.0,3.0,1.0,3.0,5.0,4.0,4.0,1.0,1.0,1.0,0.0,1.0,3.0,4.0,5.0,2.0,6.0,1.0,1.0,0
0.0,1.0,0.0,3.0,0.0,5.0,20.0,8.0,0.0,1.0,3.0,1.0,0.0,3.0,3.0,6.0,2.0,2.0,3.0,2.0,1
1.0,2.0,0.0,3.0,0.0,6.0,10.0,8.0,1.0,1.0,2.0,0.0,0.0,4.0,5.0,5.0,1.0,6.0,3.0,3.0,1
10.0,1.0,3.0,1.0,3.0,3.0,4.0,5.0,1.0,1.0,3.0,0.0,1.0,3.0,4.0,5.0,4.0,7.0,2.0,2.0,0
11.0,1.0,2.0,1.0,4.0,2.0,5.0,5.0,1.0,0.0,2.0,1.0,1.0,2.0,1.0,8.0,6.0,8.0,3.0,2.0,0
6.0,3.0,0.0,1.0,3.0,0.0,2.0,5.0,1.0,1.0,3.0,0.0,0.0,2.0,0.0,9.0,2.0,4.0,2.0,2.0,1
6.0,1.0,2.0,0.0,3.0,2.0,2.0,5.0,1.0,0.0,3.0,1.0,2.0,1.0,1.0,6.0,7.0,7.0,2.0,4.0,0
6.0,1.0,2.0,0.0,3.0,3.0,2.0,3.0,1.0,0.0,0.0,1.0,2.0,2.0,1.0,5.0,4.0,6.0,1.0,2.0,0
9.0,1.0,2.0,2.0,4.0,4.0,4.0,2.0,1.0,0.0,0.0,0.0,2.0,3.0,5.0,5.0,1.0,6.0,3.0,3.0,0
8.0,1.0,0.0,1.0,4.0,2.0,1.0,4.0,1.0,1.0,2.0,1.0,3.0,1.0,2.0,4.0,3.0,7.0,2.0,1.0,0
4.0,0.0,0.0,3.0,0.0,7.0,8.0,7.0,1.0,1.0,0.0,0.0,1.0,3.0,4.0,5.0,3.0,5.0,3.0,1.0,1
4.0,1.0,2.0,2.0,1.0,4.0,4.0,7.0,1.0,1.0,2.0,0.0,0.0,2.0,5.0,7.0,3.0,4.0,2.0,3.0,1
3.0,1.0,2.0,1.0,4.0,2.0,5.0,5.0,1.0,0.0,3.0,1.0,1.0,2.0,3.0,7.0,5.0,8.0,3.0,2.0,0
9.0,3.0,2.0,0.0,3.0,2.0,1.0,5.0,1.0,0.0,1.0,1.0,2.0,1.0,2.0,5.0,9.0,6.0,2.0,1.0,0
0.0,2.0,2.0,3.0,1.0,8.0,7.0,9.0,0.0,1.0,3.0,1.0,1.0,3.0,1.0,7.0,5.0,6.0,3.0,3.0,1
0.0,3.0,3.0,1.0,1.0,4.0,5.0,6.0,0.0,1.0,0.0,0.0,0.0,1.0,4.0,3.0,1.0,4.0,3.0,2.0,1
0.0,3.0,0.0,2.0,1.0,5.0,6.0,6.0,1.0,1.0,0.0,0.0,0.0,1.0,2.0,3.0,1.0,3.0,4.0,2.0,1
10.0,2.0,3.0,1.0,3.0,4.0,3.0,3.0,0.0,0.0,2.0,0.0,1.0,1.0,3.0,3.0,2.0,4.0,3.0,1.0,0
0.0,3.0,0.0,1.0,1.0,8.0,9.0,6.0,1.0,1.0,2.0,1.0,0.0,2.0,4.0,4.0,1.0,4.0,4.0,3.0,1
0.0,3.0,1.0,2.0,1.0,5.0,6.0,6.0,1.0,1.0,2.0,0.0,0.0,1.0,2.0,3.0,1.0,3.0,4.0,2.0,1
0.0,0.0,1.0,1.0,1.0,7.0,6.0,6.0,0.0,0.0,3.0,0.0,0.0,4.0,3.0,3.0,3.0,4.0,4.0,4.0,1
4.0,0.0,0.0,3.0,0.0,7.0,8.0,7.0,1.0,1.0,1.0,1.0,1.0,3.0,4.0,5.0,3.0,5.0,3.0,1.0,1
10.0,1.0,3.0,1.0,3.0,3.0,2.0,2.0,1.0,0.0,0.0,0.0,1.0,0.0,0.0,5.0,3.0,6.0,1.0,3.0,0
11.0,2.0,0.0,1.0,2.0,4.0,3.0,5.0,1.0,0.0,2.0,1.0,2.0,2.0,2.0,8.0,9.0,6.0,2.0,2.0,0
0.0,3.0,3.0,2.0,1.0,5.0,6.0,6.0,1.0,1.0,2.0,0.0,0.0,1.0,2.0,3.0,1.0,3.0,4.0,2.0,1
9.0,0.0,2.0,2.0,4.0,0.0,3.0,2.0,0.0,0.0,0.0,0.0,2.0,3.0,2.0,6.0,1.0,4.0,3.0,3.0,0
9.0,1.0,2.0,2.0,4.0,5.0,3.0,5.0,1.0,0.0,0.0,1.0,2.0,2.0,4.0,4.0,1.0,5.0,3.0,3.0,0
6.0,0.0,2.0,0.0,3.0,3.0,2.0,3.0,0.0,0.0,0.0,1.0,2.0,2.0,1.0,5.0,4.0,6.0,1.0,2.0,0
9.0,0.0,0.0,0.0,4.0,3.0,3.0,6.0,0.0,0.0,2.0,0.0,0.0,1.0,4.0,8.0,6.0,9.0,2.0,2.0,0
10.0,2.0,0.0,3.0,4.0,3.0,3.0,6.0,1.0,0.0,2.0,1.0,1.0,2.0,6.0,6.0,4.0,9.0,3.0,2.0,1
9.0,2.0,2.0,2.0,4.0,0.0,3.0,5.0,0.0,0.0,0.0,1.0,2.0,0.0,4.0,3.0,1.0,5.0,3.0,3.0,0
1.0,1.0,0.0,3.0,1.0,10.0,7.0,8.0,1.0,1.0,2.0,0.0,1.0,4.0,5.0,3.0,1.0,4.0,2.0,3.0,1
6.0,1.0,2.0,1.0,3.0,2.0,5.0,4.0,0.0,1.0,3.0,1.0,2.0,2.0,2.0,8.0,2.0,6.0,2.0,4.0,0
9.0,0.0,3.0,0.0,4.0,1.0,3.0,4.0,1.0,0.0,2.0,1.0,3.0,1.0,1.0,8.0,8.0,8.0,1.0,4.0,0
7.0,3.0,3.0,2.0,3.0,3.0,3.0,5.0,0.0,0.0,0.0,0.0,1.0,1.0,4.0,5.0,9.0,5.0,3.0,2.0,1
6.0,0.0,2.0,0.0,3.0,3.0,2.0,3.0,1.0,0.0,0.0,1.0,2.0,2.0,1.0,5.0,4.0,6.0,1.0,2.0,0
7.0,3.0,2.0,3.0,2.0,4.0,2.0,9.0,0.0,1.0,3.0,1.0,0.0,1.0,0.0,22.0,7.0,4.0,2.0,3.0,1
4.0,3.0,0.0,2.0,0.0,4.0,7.0,7.0,0.0,1.0,0.0,0.0,1.0,1.0,4.0,1.0,1.0,4.0,4.0,3.0,1
8.0,1.0,0.0,1.0,3.0,1.0,2.0,5.0,1.0,0.0,3.0,1.0,2.0,1.0,1.0,5.0,5.0,6.0,2.0,3.0,0
8.0,0.0,3.0,1.0,4.0,2.0,1.0,4.0,0.0,1.0,2.0,1.0,3.0,1.0,2.0,4.0,3.0,7.0,2.0,1.0,0
3.0,0.0,1.0,3.0,3.0,6.0,4.0,7.0,0.0,0.0,2.0,0.0,0.0,4.0,5.0,3.0,8.0,4.0,3.0,2.0,0
1.0,3.0,2.0,3.0,4.0,5.0,7.0,8.0,1.0,1.0,2.0,1.0,3.0,6.0,2.0,6.0,6.0,6.0,1.0,3.0,1
4.0,1.0,0.0,3.0,2.0,7.0,5.0,7.0,1.0,0.0,2.0,0.0,1.0,3.0,5.0,4.0,4.0,5.0,4.0,2.0,0
8.0,3.0,3.0,1.0,4.0,2.0,1.0,4.0,1.0,1.0,1.0,1.0,3.0,1.0,2.0,4.0,3.0,7.0,2.0,1.0,0
4.0,3.0,0.0,2.0,0.0,8.0,7.0,7.0,1.0,1.0,0.0,0.0,1.0,1.0,6.0,2.0,4.0,5.0,2.0,3.0,1
7.0,3.0,2.0,2.0,2.0,4.0,7.0,5.0,0.0,1.0,2.0,1.0,1.0,3.0,4.0,3.0,1.0,6.0,1.0,2.0,1
4.0,2.0,0.0,3.0,0.0,7.0,8.0,7.0,0.0,0.0,2.0,0.0,1.0,3.0,4.0,5.0,3.0,5.0,3.0,1.0,1
0.0,3.0,0.0,2.0,1.0,5.0,6.0,6.0,1.0,1.0,0.0,0.0,0.0,1.0,2.0,3.0,1.0,3.0,4.0,2.0,1
0.0,3.0,2.0,2.0,1.0,5.0,6.0,6.0,1.0,1.0,1.0,0.0,0.0,1.0,2.0,3.0,1.0,3.0,4.0,2.0,1
9.0,0.0,1.0,0.0,3.0,4.0,1.0,7.0,1.0,1.0,2.0,1.0,0.0,2.0,8.0,8.0,1.0,6.0,2.0,2.0,0
0.0,1.0,0.0,3.0,0.0,5.0,30.0,8.0,1.0,1.0,3.0,1.0,0.0,4.0,5.0,4.0,1.5,6.0,3.0,3.0,1
0.0,1.0,3.0,1.0,1.0,4.0,9.0,6.0,1.0,0.0,0.0,1.0,0.0,4.0,4.0,2.0,2.0,3.0,3.0,3.0,1
1.0,1.0,0.0,3.0,0.0,5.0,5.0,7.0,1.0,0.0,1.0,0.0,0.0,2.0,5.0,3.0,7.0,5.0,3.0,3.0,1
0.0,2.0,2.0,3.0,2.0,5.0,7.0,7.0,0.0,0.0,3.0,1.0,1.0,3.0,3.0,5.0,5.0,4.0,3.0,3.0,1
8.0,0.0,3.0,1.0,4.0,2.0,1.0,4.0,1.0,0.0,1.0,1.0,3.0,1.0,2.0,4.0,3.0,7.0,2.0,1.0,0
10.0,2.0,0.0,3.0,2.0,5.0,10.0,8.0,0.0,1.0,3.0,0.0,0.0,3.0,3.0,5.0,2.0,6.0,3.0,3.0,1
6.0,2.0,2.0,0.0,3.0,3.0,2.0,3.0,0.0,0.0,0.0,1.0,2.0,2.0,1.0,5.0,4.0,6.0,1.0,2.0,0
10.0,1.0,3.0,1.0,3.0,5.0,3.0,5.0,1.0,0.0,0.0,1.0,1.0,0.0,2.0,4.0,5.0,4.0,3.0,3.0,0
0.0,2.0,1.0,1.0,1.0,6.0,5.0,5.0,1.0,0.0,0.0,1.0,0.0,2.0,4.0,1.0,2.0,4.0,2.0,2.0,1
9.0,1.0,0.0,0.0,4.0,1.0,2.0,5.0,1.0,0.0,3.0,1.0,3.0,1.0,1.0,8.0,10.0,10.0,2.0,3.0,0
9.0,2.0,2.0,2.0,4.0,2.0,3.0,9.0,0.0,1.0,1.0,0.0,1.0,2.0,3.0,8.0,2.0,6.0,3.0,4.0,0
12.0,3.0,2.0,0.0,4.0,3.0,1.0,6.0,1.0,1.0,2.0,1.0,2.0,2.0,8.0,6.0,1.0,6.0,3.0,2.0,0
6.0,0.0,2.0,0.0,3.0,3.0,2.0,3.0,0.0,0.0,0.0,1.0,2.0,2.0,1.0,5.0,4.0,6.0,1.0,2.0,0
4.0,2.0,0.0,1.0,2.0,6.0,5.0,7.0,1.0,1.0,3.0,1.0,2.0,3.0,3.0,8.0,2.0,6.0,3.0,3.0,1
4.0,3.0,2.0,3.0,2.0,1.0,7.0,7.0,1.0,1.0,2.0,0.0,0.0,3.0,1.0,5.0,0.5,4.0,3.0,3.0,1
9.0,0.0,2.0,2.0,4.0,0.0,1.0,5.0,1.0,0.0,0.0,0.0,2.0,3.0,3.0,6.0,2.0,4.0,2.0,1.0,0
12.0,2.0,1.0,1.0,3.0,4.0,3.0,6.0,0.0,1.0,1.0,1.0,1.0,1.0,2.0,5.0,2.0,5.0,2.0,2.0,0
9.0,1.0,2.0,0.0,4.0,1.0,2.0,4.0,1.0,0.0,3.0,1.0,2.0,1.0,1.0,6.0,6.0,6.0,2.0,3.0,0
4.0,3.0,0.0,2.0,0.0,6.0,11.0,5.0,1.0,1.0,2.0,0.0,1.0,3.0,3.0,2.0,2.0,2.0,2.0,2.0,1
0.0,3.0,0.0,2.0,1.0,5.0,6.0,6.0,1.0,1.0,3.0,0.0,0.0,1.0,2.0,3.0,1.0,3.0,4.0,2.0,1
5.0,3.0,0.0,1.0,2.0,6.0,5.0,8.0,1.0,1.0,1.0,0.0,0.0,4.0,6.0,4.0,3.0,7.0,3.0,2.0,0
0.0,0.0,3.0,1.0,1.0,6.0,9.0,6.0,1.0,1.0,3.0,1.0,0.0,2.0,3.0,1.0,3.0,3.0,2.0,3.0,1
4.0,2.0,2.0,2.0,2.0,4.0,4.0,6.0,1.0,0.0,1.0,1.0,2.0,1.0,3.0,6.0,10.0,6.0,3.0,2.0,1
8.0,1.0,1.0,2.0,2.0,3.0,5.0,9.0,0.0,0.0,0.0,0.0,1.0,3.0,3.0,9.0,6.0,8.0,2.0,3.0,1
6.0,3.0,2.0,0.0,3.0,3.0,2.0,3.0,1.0,0.0,0.0,1.0,2.0,2.0,1.0,5.0,4.0,6.0,1.0,2.0,0
4.0,3.0,0.0,2.0,0.0,7.0,7.0,6.0,0.0,1.0,0.0,0.0,1.0,3.0,2.0,3.0,3.0,2.0,2.0,3.0,1
8.0,1.0,2.0,1.0,4.0,2.0,1.0,4.0,1.0,1.0,3.0,1.0,3.0,1.0,2.0,4.0,3.0,7.0,2.0,1.0,0
9.0,2.0,2.0,2.0,4.0,5.0,4.0,5.0,0.0,0.0,0.0,0.0,2.0,3.0,5.0,3.0,3.0,4.0,3.0,3.0,0
10.0,0.0,0.0,1.0,3.0,0.0,4.0,6.0,1.0,1.0,1.0,1.0,1.0,1.0,4.0,3.0,4.0,4.0,1.0,3.0,0
4.0,0.0,0.0,2.0,0.0,4.0,9.0,6.0,0.0,1.0,0.0,0.0,1.0,3.0,2.0,3.0,1.0,3.0,3.0,4.0,1
8.0,0.0,0.0,1.0,4.0,2.0,1.0,4.0,0.0,1.0,3.0,1.0,3.0,1.0,2.0,4.0,3.0,7.0,2.0,1.0,0
1.0,1.0,0.0,3.0,0.0,7.0,7.0,8.0,1.0,1.0,3.0,0.0,0.0,2.0,4.0,3.0,1.0,6.0,3.0,3.0,1
9.0,1.0,2.0,2.0,4.0,4.0,1.0,3.0,0.0,0.0,0.0,1.0,2.0,3.0,5.0,4.0,5.0,4.0,3.0,2.0,0
0.0,3.0,2.0,2.0,1.0,5.0,6.0,6.0,1.0,1.0,2.0,0.0,0.0,1.0,2.0,3.0,1.0,3.0,4.0,2.0,1
2.0,3.0,0.0,1.0,2.0,3.0,3.0,7.0,0.0,0.0,3.0,1.0,1.0,3.0,5.0,9.0,4.0,4.0,2.0,2.0,1
8.0,3.0,3.0,1.0,4.0,2.0,1.0,4.0,1.0,1.0,2.0,1.0,3.0,1.0,2.0,4.0,3.0,7.0,2.0,1.0,0
2.0,2.0,2.0,3.0,3.0,5.0,7.0,8.0,1.0,0.0,2.0,0.0,0.0,4.0,3.0,5.0,7.0,6.0,3.0,3.0,0
10.0,0.0,2.0,1.0,3.0,5.0,3.0,8.0,0.0,1.0,2.0,1.0,1.0,3.0,7.0,6.0,1.0,7.0,3.0,1.0,0
5.0,3.0,0.0,0.0,4.0,5.0,5.0,5.0,0.0,1.0,1.0,1.0,3.0,3.0,2.0,6.0,7.0,6.0,3.0,1.0,0
4.0,0.0,0.0,2.0,0.0,7.0,7.0,8.0,0.0,1.0,3.0,0.0,1.0,3.0,4.0,3.0,3.0,4.0,2.0,3.0,1
1.0,3.0,2.0,3.0,1.0,2.0,10.0,6.0,0.0,1.0,2.0,0.0,1.0,2.0,2.0,4.0,7.0,6.0,2.0,3.0,1
0.0,2.0,2.0,1.0,1.0,7.0,7.0,6.0,1.0,1.0,3.0,1.0,0.0,2.0,4.0,3.0,3.0,5.0,3.0,3.0,1
9.0,1.0,2.0,0.0,3.0,3.0,2.0,5.0,0.0,1.0,3.0,1.0,2.0,1.0,2.0,6.0,1.0,6.0,2.0,2.0,0
10.0,2.0,2.0,1.0,3.0,5.0,2.0,6.0,1.0,0.0,1.0,1.0,1.0,0.0,5.0,4.0,2.0,6.0,3.0,3.0,0
12.0,0.0,2.0,1.0,3.0,3.0,4.0,5.0,1.0,0.0,2.0,1.0,2.0,1.0,0.0,6.0,8.0,6.0,3.0,1.0,0
2.0,1.0,2.0,3.0,2.0,3.0,9.0,7.0,0.0,0.0,3.0,0.0,0.0,3.0,2.0,7.0,5.0,8.0,3.0,4.0,1
3.0,3.0,2.0,2.0,3.0,2.0,5.0,5.0,1.0,0.0,2.0,0.0,2.0,3.0,0.0,5.0,10.0,9.0,2.0,4.0,1
6.0,1.0,2.0,0.0,3.0,3.0,2.0,3.0,0.0,0.0,0.0,1.0,2.0,2.0,1.0,5.0,4.0,6.0,1.0,2.0,0
8.0,3.0,2.0,1.0,4.0,4.0,4.0,5.0,1.0,0.0,2.0,1.0,0.0,2.0,2.0,7.0,10.0,5.0,3.0,2.0,0
8.0,1.0,3.0,1.0,4.0,2.0,1.0,4.0,0.0,0.0,3.0,1.0,3.0,1.0,2.0,4.0,3.0,7.0,2.0,1.0,0
4.0,0.0,0.0,2.0,0.0,4.0,7.0,6.0,0.0,1.0,1.0,0.0,1.0,2.0,3.0,3.0,3.0,4.0,3.0,3.0,1
11.0,1.0,2.0,3.0,4.0,3.0,10.0,8.0,0.0,1.0,3.0,1.0,0.0,3.0,2.0,8.0,2.0,2.0,2.0,3.0,1
5.0,2.0,2.0,2.0,3.0,4.0,6.0,7.0,0.0,0.0,2.0,1.0,0.0,2.0,2.0,6.0,7.0,6.0,3.0,4.0,1
0.0,3.0,2.0,2.0,1.0,5.0,6.0,6.0,1.0,1.0,3.0,0.0,0.0,1.0,2.0,3.0,1.0,3.0,4.0,2.0,1
7.0,0.0,2.0,1.0,3.0,3.0,2.0,7.0,1.0,1.0,2.0,1.0,0.0,2.0,3.0,6.0,1.0,6.0,3.0,3.0,0
8.0,0.0,3.0,1.0,4.0,2.0,1.0,4.0,1.0,0.0,3.0,1.0,3.0,1.0,2.0,4.0,3.0,7.0,2.0,1.0,0
0.0,2.0,0.0,1.0,1.0,5.0,9.0,7.0,1.0,0.0,2.0,0.0,0.0,2.0,3.0,2.0,2.0,2.0,3.0,2.0,1
0.0,3.0,3.0,2.0,1.0,5.0,6.0,6.0,1.0,1.0,3.0,0.0,0.0,1.0,2.0,3.0,1.0,3.0,4.0,2.0,1
8.0,1.0,1.0,1.0,4.0,2.0,1.0,4.0,1.0,1.0,2.0,1.0,3.0,1.0,2.0,4.0,3.0,7.0,2.0,1.0,0
8.0,3.0,2.0,0.0,4.0,1.0,2.0,5.0,1.0,0.0,3.0,1.0,2.0,1.0,1.0,5.0,5.0,8.0,2.0,3.0,0
4.0,0.0,0.0,3.0,0.0,7.0,8.0,7.0,1.0,1.0,3.0,0.0,1.0,3.0,4.0,5.0,3.0,5.0,3.0,1.0,1
0.0,3.0,2.0,2.0,1.0,5.0,6.0,6.0,0.0,1.0,2.0,0.0,0.0,1.0,2.0,3.0,1.0,3.0,4.0,2.0,1
4.0,2.0,2.0,2.0,4.0,12.0,5.0,6.0,1.0,0.0,2.0,1.0,1.0,4.0,2.0,7.0,7.0,6.0,2.0,3.0,1
9.0,1.0,0.0,2.0,4.0,4.0,5.0,6.0,0.0,1.0,3.0,1.0,0.0,1.0,3.0,9.0,2.0,6.0,3.0,3.0,0
4.0,0.0,0.0,3.0,0.0,7.0,8.0,7.0,0.0,1.0,0.0,0.0,1.0,3.0,4.0,5.0,3.0,5.0,3.0,1.0,1
8.0,3.0,0.0,1.0,4.0,2.0,1.0,4.0,1.0,1.0,0.0,1.0,3.0,1.0,2.0,4.0,3.0,7.0,2.0,1.0,0
8.0,3.0,0.0,1.0,4.0,2.0,1.0,4.0,0.0,0.0,3.0,1.0,3.0,1.0,2.0,4.0,3.0,7.0,2.0,1.0,0
8.0,1.0,0.0,2.0,4.0,5.0,5.0,5.0,0.0,1.0,1.0,1.0,2.0,2.0,4.0,5.0,1.5,4.0,2.0,2.0,1
9.0,2.0,2.0,2.0,4.0,4.0,3.0,2.0,1.0,0.0,0.0,0.0,2.0,2.0,2.0,5.0,2.0,4.0,2.0,2.0,0
0.0,2.0,0.0,1.0,1.0,4.0,9.0,6.0,1.0,1.0,3.0,1.0,0.0,3.0,4.0,1.0,2.0,5.0,4.0,2.0,1
6.0,1.0,2.0,0.0,3.0,3.0,2.0,3.0,1.0,0.0,0.0,1.0,2.0,2.0,1.0,5.0,4.0,6.0,1.0,2.0,0
0.0,2.0,0.0,1.0,4.0,3.0,5.0,6.0,1.0,0.0,3.0,0.0,1.0,2.0,1.0,9.0,4.0,6.0,2.0,3.0,0
3.0,1.0,0.0,1.0,4.0,4.0,6.0,5.0,1.0,1.0,2.0,0.0,2.0,3.0,2.0,7.0,10.0,4.0,3.0,4.0,1
6.0,0.0,2.0,0.0,3.0,3.0,2.0,3.0,1.0,0.0,0.0,1.0,2.0,2.0,1.0,5.0,4.0,6.0,1.0,2.0,0
4.0,0.0,0.0,2.0,0.0,6.0,6.0,6.0,0.0,1.0,0.0,0.0,1.0,2.0,4.0,2.0,1.0,5.0,3.0,2.0,1
8.0,0.0,0.0,1.0,4.0,2.0,1.0,4.0,0.0,1.0,1.0,1.0,3.0,1.0,2.0,4.0,3.0,7.0,2.0,1.0,0
6.0,3.0,2.0,0.0,3.0,10.0,6.0,5.0,1.0,1.0,3.0,0.0,1.0,3.0,1.0,8.0,6.0,6.0,2.0,3.0,0
4.0,2.0,0.0,3.0,0.0,7.0,8.0,7.0,1.0,0.0,3.0,1.0,1.0,3.0,4.0,5.0,3.0,5.0,3.0,1.0,1
8.0,3.0,2.0,1.0,4.0,1.0,2.0,5.0,1.0,0.0,3.0,1.0,2.0,1.0,1.0,5.0,4.0,6.0,2.0,3.0,0
0.0,3.0,3.0,2.0,1.0,5.0,6.0,6.0,1.0,1.0,3.0,0.0,0.0,1.0,2.0,3.0,1.0,3.0,4.0,2.0,1
0.0,1.0,2.0,1.0,1.0,6.0,5.0,7.0,1.0,1.0,0.0,1.0,0.0,3.0,2.0,4.0,3.0,3.0,3.0,2.0,1
5.0,0.0,0.0,2.0,2.0,3.0,5.0,7.0,1.0,1.0,3.0,1.0,1.0,3.0,4.0,5.0,1.0,6.0,2.0,3.0,1
9.0,1.0,2.0,2.0,4.0,4.0,2.0,4.0,1.0,0.0,0.0,1.0,2.0,3.0,0.0,6.0,4.0,4.0,3.0,3.0,0
0.0,0.0,3.0,1.0,1.0,6.0,11.0,7.0,1.0,0.0,0.0,0.0,0.0,2.0,4.0,3.0,1.0,2.0,4.0,3.0,1
1.0,1.0,0.0,3.0,0.0,5.0,7.0,8.0,1.0,1.0,2.0,0.0,0.0,3.0,6.0,3.0,1.0,6.0,3.0,3.0,1
0.0,3.0,2.0,2.0,1.0,5.0,6.0,6.0,0.0,1.0,3.0,0.0,0.0,1.0,2.0,3.0,1.0,3.0,4.0,2.0,1
8.0,2.0,2.0,0.0,3.0,2.0,2.0,5.0,1.0,0.0,1.0,1.0,2.0,1.0,2.0,6.0,10.0,8.0,1.0,2.0,0
0.0,3.0,1.0,2.0,1.0,5.0,6.0,6.0,1.0,1.0,2.0,0.0,0.0,1.0,2.0,3.0,1.0,3.0,4.0,2.0,1
6.0,2.0,2.0,1.0,3.0,2.0,2.0,4.0,1.0,0.0,2.0,1.0,2.0,1.0,1.0,6.0,5.0,8.0,2.0,3.0,0
7.0,2.0,3.0,2.0,4.0,6.0,20.0,5.0,0.0,1.0,3.0,1.0,2.0,10.0,2.0,5.0,1.0,4.0,4.0,3.0,1
2.0,2.0,0.0,3.0,2.0,4.0,9.0,7.0,1.0,1.0,3.0,0.0,1.0,2.0,3.0,8.0,3.0,6.0,3.0,3.0,1
1.0,1.0,2.0,2.0,3.0,3.0,3.0,5.0,1.0,1.0,1.0,1.0,1.0,3.0,5.0,12.0,0.8,6.0,2.0,3.0,1
6.0,0.0,2.0,0.0,3.0,3.0,2.0,3.0,1.0,0.0,0.0,1.0,2.0,2.0,1.0,5.0,4.0,6.0,1.0,2.0,0
0.0,2.0,2.0,3.0,2.0,15.0,8.0,6.0,1.0,0.0,3.0,1.0,1.0,3.0,1.0,8.0,20.0,5.0,2.0,4.0,1
8.0,1.0,1.0,1.0,3.0,2.0,2.0,6.0,1.0,0.0,3.0,1.0,2.0,2.0,2.0,6.0,8.0,8.0,3.0,3.0,0
4.0,2.0,0.0,2.0,1.0,3.0,7.0,8.0,1.0,0.0,3.0,0.0,0.0,3.0,4.0,5.0,7.0,8.0,3.0,2.0,1
7.0,1.0,3.0,1.0,3.0,4.0,6.0,5.0,1.0,1.0,1.0,0.0,3.0,2.0,4.0,8.0,10.0,7.0,3.0,2.0,1
9.0,0.0,2.0,0.0,3.0,3.0,2.0,5.0,0.0,1.0,1.0,1.0,2.0,1.0,2.0,5.0,2.0,6.0,2.0,2.0,0
7.0,1.0,2.0,2.0,2.0,5.0,3.0,4.0,1.0,0.0,2.0,1.0,0.0,4.0,9.0,6.0,15.0,6.0,2.0,4.0,1
9.0,2.0,2.0,3.0,1.0,9.0,4.0,7.0,1.0,0.0,2.0,1.0,0.0,5.0,10.0,1.0,12.0,1.0,3.0,3.0,1
0.0,3.0,1.0,2.0,1.0,5.0,6.0,6.0,1.0,1.0,2.0,0.0,0.0,1.0,2.0,3.0,1.0,3.0,4.0,2.0,1
4.0,1.0,0.0,2.0,0.0,7.0,7.0,6.0,1.0,1.0,0.0,0.0,1.0,1.0,4.0,2.0,3.0,3.0,2.0,4.0,1
6.0,2.0,2.0,2.0,2.0,4.0,7.0,6.0,0.0,0.0,2.0,1.0,1.0,3.0,5.0,4.0,4.0,2.0,2.0,3.0,1
3.0,1.0,2.0,2.0,2.0,5.0,14.0,8.0,1.0,0.0,2.0,1.0,2.0,1.0,0.0,5.0,5.0,5.0,3.0,2.0,1
0.0,3.0,0.0,2.0,1.0,5.0,6.0,6.0,1.0,1.0,0.0,0.0,0.0,1.0,2.0,3.0,1.0,3.0,4.0,2.0,1
0.0,3.0,2.0,2.0,1.0,5.0,6.0,6.0,0.0,1.0,0.0,0.0,0.0,1.0,2.0,3.0,1.0,3.0,4.0,2.0,1
9.0,3.0,2.0,2.0,4.0,0.0,3.0,6.0,0.0,0.0,0.0,1.0,2.0,3.0,4.0,5.0,1.0,5.0,3.0,3.0,0
8.0,1.0,0.0,1.0,4.0,2.0,1.0,4.0,1.0,0.0,3.0,1.0,3.0,1.0,2.0,4.0,3.0,7.0,2.0,1.0,0
9.0,2.0,0.0,0.0,3.0,3.0,2.0,5.0,1.0,0.0,1.0,0.0,3.0,3.0,4.0,6.0,12.0,6.0,3.0,1.0,0
1.0,2.0,0.0,3.0,0.0,5.0,10.0,8.0,0.0,0.0,3.0,0.0,1.0,3.0,3.0,5.0,5.0,6.0,3.0,4.0,1
6.0,0.0,1.0,1.0,3.0,2.0,3.0,6.0,0.0,0.0,3.0,1.0,2.0,1.0,1.0,6.0,5.0,5.0,2.0,3.0,0
9.0,2.0,2.0,2.0,4.0,1.0,3.0,5.0,0.0,0.0,0.0,1.0,2.0,2.0,2.0,3.0,1.0,6.0,2.0,3.0,0
9.0,3.0,3.0,0.0,4.0,1.0,2.0,5.0,1.0,0.0,3.0,1.0,2.0,2.0,1.0,5.0,5.0,5.0,2.0,4.0,0
9.0,0.0,2.0,2.0,4.0,4.0,1.0,6.0,0.0,0.0,0.0,1.0,2.0,2.0,4.0,3.0,3.0,7.0,2.0,3.0,0
6.0,1.0,2.0,0.0,3.0,3.0,2.0,3.0,0.0,0.0,0.0,1.0,2.0,2.0,1.0,5.0,4.0,6.0,1.0,2.0,0
4.0,0.0,1.0,0.0,3.0,6.0,5.0,6.0,1.0,0.0,2.0,1.0,3.0,2.0,1.0,4.0,12.0,7.0,2.0,3.0,0
6.0,0.0,2.0,0.0,3.0,3.0,2.0,3.0,1.0,0.0,0.0,1.0,2.0,2.0,1.0,5.0,4.0,6.0,1.0,2.0,0
11.0,1.0,0.0,3.0,4.0,3.0,7.0,8.0,1.0,0.0,3.0,0.0,2.0,1.0,1.0,8.0,7.0,8.0,3.0,3.0,0
4.0,3.0,0.0,2.0,0.0,5.0,5.0,7.0,1.0,1.0,2.0,0.0,1.0,3.0,3.0,2.0,4.0,5.0,2.0,2.0,1
0.0,3.0,0.0,2.0,1.0,5.0,6.0,6.0,1.0,1.0,0.0,0.0,0.0,1.0,2.0,3.0,1.0,3.0,4.0,2.0,1
0.0,0.0,0.0,1.0,1.0,4.0,7.0,6.0,0.0,1.0,0.0,0.0,0.0,3.0,3.0,3.0,1.0,3.0,3.0,4.0,1
4.0,1.0,0.0,3.0,0.0,7.0,8.0,7.0,1.0,0.0,0.0,0.0,1.0,3.0,4.0,5.0,3.0,5.0,3.0,1.0,1
6.0,0.0,2.0,0.0,3.0,3.0,2.0,3.0,1.0,0.0,0.0,1.0,2.0,2.0,1.0,5.0,4.0,6.0,1.0,2.0,0
8.0,0.0,1.0,1.0,3.0,1.0,3.0,4.0,1.0,0.0,2.0,1.0,2.0,2.0,2.0,6.0,7.0,7.0,2.0,4.0,0
9.0,3.0,2.0,0.0,4.0,2.0,2.0,5.0,1.0,1.0,3.0,1.0,3.0,1.0,1.0,6.0,3.0,6.0,3.0,4.0,0
9.0,2.0,2.0,2.0,4.0,3.0,1.0,5.0,1.0,0.0,0.0,1.0,2.0,1.0,4.0,5.0,1.0,6.0,1.0,3.0,0
6.0,1.0,2.0,0.0,3.0,3.0,2.0,3.0,1.0,0.0,0.0,1.0,2.0,2.0,1.0,5.0,4.0,6.0,1.0,2.0,0
4.0,0.0,1.0,2.0,2.0,4.0,4.0,6.0,0.0,1.0,3.0,0.0,1.0,1.0,3.0,4.0,1.0,6.0,3.0,3.0,1
0.0,2.0,0.0,2.0,1.0,5.0,4.0,7.0,1.0,0.0,3.0,0.0,0.0,3.0,5.0,5.0,7.0,5.0,3.0,3.0,1
4.0,3.0,0.0,2.0,0.0,4.0,11.0,6.0,1.0,1.0,0.0,0.0,1.0,4.0,4.0,2.0,1.0,4.0,2.0,4.0,1
4.0,0.0,0.0,3.0,0.0,7.0,8.0,7.0,0.0,0.0,3.0,1.0,1.0,3.0,4.0,5.0,3.0,5.0,3.0,1.0,1
3.0,3.0,3.0,2.0,4.0,4.0,10.0,8.0,1.0,0.0,1.0,1.0,1.0,2.0,4.0,5.0,10.0,4.0,3.0,2.0,1
10.0,2.0,2.0,0.0,4.0,2.0,1.0,5.0,0.0,0.0,1.0,0.0,0.0,1.0,2.0,6.0,6.0,4.0,2.0,3.0,0
9.0,1.0,2.0,2.0,4.0,0.0,1.0,5.0,0.0,0.0,0.0,0.0,2.0,1.0,2.0,5.0,2.0,4.0,3.0,2.0,0
0.0,1.0,2.0,2.0,3.0,3.0,2.0,6.0,0.0,1.0,2.0,1.0,3.0,2.0,2.0,4.0,1.0,4.0,2.0,3.0,1
10.0,2.0,0.0,3.0,4.0,4.0,9.0,7.0,0.0,1.0,3.0,0.0,0.0,3.0,2.0,6.0,3.0,8.0,3.0,3.0,1
0.0,2.0,2.0,3.0,1.0,8.0,2.0,5.0,0.0,1.0,3.0,1.0,3.0,2.0,2.0,3.0,0.5,6.0,2.0,3.0,1
9.0,1.0,2.0,1.0,1.0,6.0,3.0,5.0,0.0,0.0,2.0,1.0,2.0,1.0,2.0,5.0,10.0,4.0,1.0,2.0,1
0.0,0.0,2.0,3.0,1.0,6.0,5.0,8.0,1.0,0.0,2.0,0.0,0.0,4.0,4.0,5.0,12.0,9.0,3.0,3.0,1
11.0,2.0,2.0,1.0,2.0,0.0,3.0,6.0,1.0,1.0,3.0,1.0,3.0,3.0,0.0,1.0,11.0,2.0,3.0,2.0,0
0.0,2.0,2.0,2.0,3.0,4.0,10.0,6.0,0.0,0.0,3.0,0.0,0.0,4.0,3.0,4.0,20.0,1.0,3.0,5.0,1
1.0,2.0,0.0,3.0,0.0,5.0,7.0,8.0,0.0,1.0,2.0,1.0,0.0,4.0,4.0,4.0,1.0,5.0,3.0,3.0,1
9.0,2.0,2.0,2.0,4.0,1.0,1.0,5.0,0.0,0.0,0.0,1.0,2.0,1.0,0.0,6.0,4.0,4.0,3.0,3.0,0
10.0,1.0,3.0,1.0,3.0,5.0,1.0,6.0,1.0,1.0,3.0,1.0,1.0,2.0,0.0,5.0,3.0,4.0,3.0,1.0,0
10.0,0.0,2.0,1.0,3.0,1.0,4.0,3.0,0.0,0.0,0.0,1.0,1.0,3.0,0.0,3.0,5.0,5.0,3.0,3.0,0
10.0,3.0,3.0,1.0,3.0,4.0,4.0,1.0,0.0,1.0,2.0,1.0,1.0,3.0,0.0,5.0,2.0,4.0,3.0,3.0,0
9.0,0.0,2.0,0.0,4.0,2.0,2.0,5.0,1.0,0.0,1.0,1.0,2.0,1.0,2.0,6.0,10.0,6.0,2.0,2.0,0
0.0,0.0,2.0,3.0,1.0,5.0,4.0,7.0,1.0,0.0,2.0,0.0,1.0,1.0,5.0,4.0,7.0,6.0,2.0,2.0,1
0.0,3.0,3.0,2.0,1.0,5.0,6.0,6.0,1.0,1.0,3.0,0.0,0.0,1.0,2.0,3.0,1.0,3.0,4.0,2.0,1
8.0,3.0,3.0,1.0,4.0,2.0,1.0,4.0,1.0,1.0,0.0,1.0,3.0,1.0,2.0,4.0,3.0,7.0,2.0,1.0,0
10.0,2.0,2.0,2.0,4.0,2.0,4.0,5.0,1.0,1.0,2.0,1.0,1.0,1.0,2.0,7.0,3.0,5.0,4.0,3.0,0
9.0,0.0,2.0,2.0,4.0,4.0,3.0,3.0,1.0,0.0,0.0,0.0,2.0,0.0,0.0,5.0,2.0,6.0,1.0,3.0,0
4.0,1.0,0.0,2.0,0.0,3.0,9.0,6.0,1.0,1.0,0.0,0.0,1.0,2.0,4.0,3.0,4.0,4.0,2.0,3.0,1
0.0,3.0,0.0,1.0,1.0,6.0,7.0,6.0,0.0,0.0,0.0,0.0,0.0,1.0,4.0,1.0,4.0,5.0,3.0,2.0,1
5.0,3.0,2.0,1.0,3.0,2.0,3.0,6.0,0.0,1.0,2.0,0.0,1.0,2.0,3.0,7.0,7.0,6.0,2.0,2.0,1
10.0,3.0,0.0,1.0,3.0,3.0,4.0,5.0,1.0,0.0,3.0,0.0,1.0,0.0,2.0,5.0,2.0,4.0,2.0,3.0,0
7.0,0.0,3.0,1.0,0.0,4.0,1.0,7.0,0.0,0.0,3.0,0.0,0.0,1.0,2.0,9.0,10.0,8.0,3.0,1.0,1
9.0,3.0,1.0,2.0,3.0,9.0,5.0,7.0,0.0,1.0,3.0,0.0,1.0,3.0,2.0,8.0,5.0,6.0,2.0,3.0,1
5.0,3.0,0.0,1.0,3.0,5.0,4.0,7.0,0.0,0.0,3.0,0.0,1.0,2.0,6.0,5.0,3.0,6.0,2.0,3.0,1
8.0,2.0,0.0,1.0,4.0,2.0,1.0,4.0,0.0,1.0,3.0,1.0,3.0,1.0,2.0,4.0,3.0,7.0,2.0,1.0,0
2.0,2.0,0.0,1.0,2.0,6.0,6.0,7.0,1.0,1.0,3.0,0.0,0.0,3.0,5.0,3.0,2.0,4.0,5.0,3.0,0
0.0,3.0,3.0,2.0,1.0,5.0,6.0,6.0,0.0,1.0,2.0,0.0,0.0,1.0,2.0,3.0,1.0,3.0,4.0,2.0,1
4.0,0.0,1.0,2.0,2.0,4.0,3.0,6.0,1.0,1.0,2.0,1.0,1.0,2.0,4.0,5.0,2.0,4.0,2.0,3.0,1
0.0,1.0,0.0,1.0,1.0,4.0,9.0,7.0,0.0,1.0,3.0,0.0,0.0,3.0,3.0,1.0,1.0,2.0,4.0,3.0,1
7.0,3.0,0.0,1.0,3.0,2.0,7.0,4.0,0.0,1.0,3.0,1.0,3.0,1.0,1.0,8.0,2.0,8.0,3.0,4.0,0
4.0,3.0,0.0,3.0,0.0,7.0,8.0,7.0,0.0,0.0,0.0,1.0,1.0,3.0,4.0,5.0,3.0,5.0,3.0,1.0,1
1.0,2.0,0.0,3.0,1.0,8.0,6.0,7.0,0.0,0.0,2.0,0.0,0.0,2.0,5.0,5.0,4.0,4.0,3.0,3.0,1
11.0,2.0,2.0,3.0,3.0,6.0,20.0,6.0,0.0,1.0,3.0,1.0,2.0,4.0,4.0,8.0,15.0,2.0,2.0,3.0,1
11.0,1.0,2.0,1.0,4.0,3.0,3.0,5.0,1.0,0.0,2.0,1.0,2.0,1.0,2.0,6.0,10.0,6.0,4.0,2.0,0
6.0,1.0,2.0,0.0,3.0,3.0,2.0,3.0,1.0,0.0,0.0,1.0,2.0,2.0,1.0,5.0,4.0,6.0,1.0,2.0,0
3.0,2.0,2.0,1.0,3.0,2.0,3.0,6.0,1.0,1.0,3.0,1.0,1.0,1.0,4.0,6.0,1.0,6.0,2.0,2.0,1
11.0,2.0,2.0,1.0,3.0,4.0,3.0,5.0,0.0,1.0,3.0,1.0,1.0,1.0,3.0,4.0,1.0,6.0,1.0,2.0,0
8.0,0.0,2.0,1.0,3.0,1.0,2.0,5.0,1.0,0.0,3.0,1.0,2.0,1.0,2.0,6.0,6.0,6.0,2.0,3.0,0
7.0,2.0,2.0,2.0,4.0,3.0,14.0,7.0,0.0,1.0,2.0,1.0,0.0,3.0,2.0,9.0,8.2,8.0,2.0,2.0,0
4.0,3.0,0.0,3.0,0.0,7.0,8.0,7.0,0.0,1.0,3.0,0.0,1.0,3.0,4.0,5.0,3.0,5.0,3.0,1.0,1
5.0,3.0,2.0,1.0,2.0,7.0,10.0,6.0,1.0,1.0,3.0,1.0,1.0,3.0,2.0,7.0,7.0,6.0,2.0,3.0,1
9.0,1.0,2.0,2.0,4.0,0.0,4.0,4.0,0.0,0.0,0.0,0.0,2.0,3.0,3.0,5.0,1.0,5.0,1.0,3.0,0
0.0,3.0,3.0,2.0,1.0,5.0,6.0,6.0,0.0,1.0,3.0,0.0,0.0,1.0,2.0,3.0,1.0,3.0,4.0,2.0,1
10.0,2.0,2.0,1.0,4.0,5.0,5.0,4.0,1.0,0.0,3.0,0.0,3.0,4.0,5.0,8.0,10.0,5.0,3.0,4.0,0
6.0,0.0,2.0,0.0,3.0,3.0,2.0,3.0,1.0,0.0,0.0,1.0,2.0,2.0,1.0,5.0,4.0,6.0,1.0,2.0,0
5.0,3.0,0.0,2.0,2.0,5.0,5.0,7.0,0.0,1.0,2.0,1.0,0.0,4.0,5.0,5.0,1.0,6.0,3.0,2.0,1
4.0,1.0,2.0,3.0,4.0,14.0,14.0,5.5,0.0,0.0,3.0,1.0,2.0,4.0,6.0,6.0,15.0,8.0,2.0,3.0,1
9.0,1.0,2.0,0.0,3.0,3.0,2.0,5.0,0.0,1.0,2.0,1.0,1.0,1.0,3.0,5.0,2.0,5.0,2.0,3.0,0
4.0,0.0,0.0,3.0,0.0,7.0,8.0,7.0,0.0,0.0,0.0,1.0,1.0,3.0,4.0,5.0,3.0,5.0,3.0,1.0,1
9.0,0.0,2.0,2.0,4.0,5.0,1.0,3.0,0.0,0.0,0.0,0.0,2.0,3.0,2.0,3.0,1.0,4.0,2.0,3.0,0
4.0,3.0,0.0,3.0,0.0,7.0,8.0,7.0,0.0,1.0,3.0,0.0,1.0,3.0,4.0,5.0,3.0,5.0,3.0,1.0,1
0.0,1.0,0.0,1.0,1.0,5.0,6.0,7.0,0.0,1.0,1.0,1.0,0.0,3.0,3.0,2.0,1.0,5.0,3.0,4.0,1
9.0,0.0,2.0,1.0,4.0,2.0,2.0,5.0,0.0,1.0,3.0,1.0,3.0,1.0,1.0,8.0,2.0,8.0,3.0,3.0,0
5.0,3.0,2.0,1.0,2.0,4.0,5.0,6.0,1.0,0.0,3.0,1.0,1.0,3.0,5.0,6.0,3.0,7.0,3.0,3.0,1
10.0,2.0,3.0,0.0,4.0,4.0,2.0,3.0,0.0,1.0,3.0,1.0,2.0,1.0,0.0,5.0,8.0,5.0,3.0,3.0,0
4.0,2.0,0.0,3.0,0.0,7.0,8.0,7.0,1.0,0.0,0.0,1.0,1.0,3.0,4.0,5.0,3.0,5.0,3.0,1.0,1
10.0,1.0,3.0,1.0,3.0,0.0,3.0,3.0,1.0,1.0,0.0,0.0,1.0,2.0,3.0,4.0,2.0,7.0,2.0,3.0,0
7.0,2.0,1.0,1.0,3.0,4.0,4.0,5.0,0.0,0.0,2.0,0.0,1.0,1.0,5.0,6.0,7.0,6.0,2.0,1.0,1
6.0,2.0,0.0,0.0,4.0,4.0,3.0,5.0,1.0,0.0,3.0,1.0,3.0,3.0,2.0,6.0,18.0,6.0,2.0,2.0,0
7.0,1.0,3.0,1.0,3.0,3.0,3.0,5.0,0.0,1.0,2.0,0.0,1.0,1.0,3.0,5.0,2.0,6.0,3.0,2.0,1
2.0,1.0,0.0,1.0,1.0,1.0,3.0,8.0,0.0,0.0,1.0,1.0,1.0,1.0,2.0,9.0,8.0,4.0,3.0,2.0,1
4.0,1.0,0.0,3.0,0.0,7.0,8.0,7.0,0.0,0.0,0.0,0.0,1.0,3.0,4.0,5.0,3.0,5.0,3.0,1.0,1
6.0,1.0,2.0,0.0,3.0,3.0,2.0,3.0,0.0,0.0,0.0,1.0,2.0,2.0,1.0,5.0,4.0,6.0,1.0,2.0,0
10.0,0.0,3.0,1.0,3.0,5.0,3.0,3.0,0.0,1.0,0.0,1.0,1.0,2.0,0.0,5.0,5.0,6.0,2.0,3.0,0
4.0,1.0,0.0,3.0,0.0,7.0,8.0,7.0,1.0,1.0,1.0,0.0,1.0,3.0,4.0,5.0,3.0,5.0,3.0,1.0,1
6.0,1.0,2.0,0.0,3.0,3.0,2.0,3.0,1.0,0.0,0.0,1.0,2.0,2.0,1.0,5.0,4.0,6.0,1.0,2.0,0
8.0,0.0,2.0,0.0,3.0,3.0,3.0,5.0,1.0,0.0,1.0,1.0,1.0,2.0,4.0,5.0,6.0,6.0,3.0,1.0,0
10.0,1.0,3.0,1.0,3.0,3.0,4.0,4.0,0.0,0.0,3.0,0.0,1.0,3.0,3.0,3.0,4.0,4.0,3.0,3.0,0
10.0,0.0,2.0,1.0,3.0,4.0,2.0,4.0,1.0,0.0,3.0,0.0,1.0,1.0,0.0,5.0,2.0,5.0,1.0,3.0,0
0.0,1.0,2.0,3.0,0.0,7.0,7.0,7.0,0.0,0.0,3.0,1.0,0.0,4.0,2.0,5.0,5.0,9.0,3.0,4.0,0
11.0,0.0,3.0,1.0,4.0,3.0,2.0,5.0,1.0,0.0,2.0,1.0,2.0,1.0,2.0,5.0,7.0,6.0,3.0,2.0,0
9.0,2.0,2.0,1.0,4.0,1.0,4.0,5.0,1.0,1.0,3.0,1.0,2.0,2.0,2.0,3.0,7.0,6.0,2.0,1.0,0
9.0,2.0,2.0,2.0,4.0,3.0,3.0,2.0,0.0,0.0,0.0,1.0,2.0,2.0,5.0,5.0,2.0,4.0,3.0,3.0,0
10.0,2.0,0.0,1.0,4.0,2.0,7.0,7.0,1.0,0.0,3.0,1.0,1.0,1.0,1.0,9.0,6.0,8.0,3.0,2.0,0
6.0,3.0,2.0,0.0,3.0,3.0,2.0,3.0,1.0,0.0,0.0,1.0,2.0,2.0,1.0,5.0,4.0,6.0,1.0,2.0,0
8.0,0.0,2.0,0.0,4.0,1.0,2.0,3.0,1.0,0.0,3.0,1.0,2.0,1.0,1.0,2.0,7.0,6.0,2.0,3.0,1
9.0,1.0,2.0,2.0,4.0,5.0,3.0,1.0,1.0,0.0,0.0,0.0,2.0,2.0,4.0,6.0,3.0,7.0,1.0,3.0,0
4.0,1.0,2.0,2.0,2.0,5.0,5.0,6.0,1.0,1.0,2.0,1.0,0.0,3.0,5.0,6.0,1.0,6.0,3.0,2.0,1
0.0,3.0,0.0,2.0,1.0,5.0,6.0,6.0,1.0,1.0,3.0,0.0,0.0,1.0,2.0,3.0,1.0,3.0,4.0,2.0,1
6.0,1.0,0.0,1.0,3.0,1.0,2.0,4.0,1.0,0.0,3.0,1.0,2.0,1.0,1.0,5.0,4.0,8.0,2.0,4.0,0
0.0,0.0,1.0,1.0,1.0,6.0,6.0,6.0,0.0,0.0,1.0,1.0,0.0,3.0,6.0,4.0,2.0,2.0,3.0,2.0,1
4.0,0.0,0.0,2.0,0.0,8.0,9.0,7.0,1.0,1.0,0.0,0.0,1.0,4.0,2.0,4.0,1.0,4.0,4.0,4.0,1
9.0,2.0,2.0,2.0,4.0,4.0,3.0,2.0,1.0,0.0,0.0,0.0,2.0,2.0,4.0,3.0,2.0,6.0,3.0,2.0,0
4.0,1.0,0.0,2.0,0.0,6.0,9.0,5.0,1.0,1.0,0.0,0.0,1.0,4.0,6.0,2.0,2.0,5.0,3.0,3.0,1
9.0,1.0,2.0,0.0,4.0,1.0,1.0,6.0,1.0,0.0,3.0,1.0,2.0,1.0,1.0,7.0,10.0,5.0,2.0,3.0,0
9.0,0.0,2.0,2.0,4.0,4.0,3.0,5.0,0.0,0.0,0.0,1.0,2.0,2.0,0.0,5.0,3.0,4.0,3.0,3.0,0
10.0,1.0,0.0,0.0,4.0,3.0,4.0,6.0,0.0,0.0,2.0,0.0,1.0,2.0,6.0,6.0,4.0,8.0,3.0,2.0,0
6.0,1.0,2.0,0.0,3.0,3.0,2.0,3.0,1.0,0.0,0.0,1.0,2.0,2.0,1.0,5.0,4.0,6.0,1.0,2.0,0
8.0,0.0,3.0,1.0,4.0,2.0,1.0,4.0,1.0,1.0,2.0,1.0,3.0,1.0,2.0,4.0,3.0,7.0,2.0,1.0,0
10.0,1.0,2.0,1.0,3.0,5.0,2.0,2.0,1.0,0.0,2.0,1.0,1.0,3.0,4.0,6.0,4.0,6.0,3.0,2.0,0
4.0,0.0,0.0,2.0,0.0,6.0,11.0,8.0,1.0,1.0,3.0,0.0,1.0,4.0,6.0,1.0,2.0,3.0,3.0,3.0,1
4.0,2.0,0.0,3.0,0.0,7.0,8.0,7.0,1.0,1.0,1.0,1.0,1.0,3.0,4.0,5.0,3.0,5.0,3.0,1.0,1
9.0,2.0,2.0,0.0,4.0,2.0,2.0,5.0,1.0,1.0,2.0,1.0,2.0,1.0,6.0,9.0,1.0,6.0,3.0,2.0,0
10.0,0.0,1.0,1.0,3.0,1.0,2.0,3.0,1.0,0.0,0.0,1.0,1.0,2.0,3.0,6.0,4.0,6.0,1.0,1.0,0
